@id,@type,elevation,station,stationId,stationName,timestamp,rawMessage,textDescription,icon,presentWeather,temperature,dewpoint,windDirection,windSpeed,windGust,barometricPressure,seaLevelPressure,visibility,maxTemperatureLast24Hours,minTemperatureLast24Hours,precipitationLast3Hours,relativeHumidity,windChill,heatIndex,cloudLayers,ingestionDatetime
https://api.weather.gov/stations/000SE/observations/2025-06-17T16:00:00+00:00,wx:ObservationStation,"{'unitCode': 'wmoUnit:m', 'value': 242.9}",https://api.weather.gov/stations/000SE,000SE,SCE South Hills Park,2025-06-17T16:00:00+00:00,,,,[],"{'unitCode': 'wmoUnit:degC', 'value': 23.29, 'qualityControl': 'V'}","{'unitCode': 'wmoUnit:degC', 'value': 15.03, 'qualityControl': 'V'}","{'unitCode': 'wmoUnit:degree_(angle)', 'value': 229.2, 'qualityControl': 'V'}","{'unitCode': 'wmoUnit:km_h-1', 'value': 2.916, 'qualityControl': 'V'}","{'unitCode': 'wmoUnit:km_h-1', 'value': None, 'qualityControl': 'Z'}","{'unitCode': 'wmoUnit:Pa', 'value': None, 'qualityControl': 'Z'}","{'unitCode': 'wmoUnit:Pa', 'value': None, 'qualityControl': 'Z'}","{'unitCode': 'wmoUnit:m', 'value': None, 'qualityControl': 'Z'}","{'unitCode': 'wmoUnit:degC', 'value': None}","{'unitCode': 'wmoUnit:degC', 'value': None}","{'unitCode': 'wmoUnit:mm', 'value': None, 'qualityControl': 'Z'}","{'unitCode': 'wmoUnit:percent', 'value': 59.762663785489, 'qualityControl': 'V'}","{'unitCode': 'wmoUnit:degC', 'value': None, 'qualityControl': 'V'}","{'unitCode': 'wmoUnit:degC', 'value': 23.235025109954446, 'qualityControl': 'V'}",[],2025-06-18 01:02:52
https://api.weather.gov/stations/000SE/observations/2025-06-17T15:00:00+00:00,wx:ObservationStation,"{'unitCode': 'wmoUnit:m', 'value': 242.9}",https://api.weather.gov/stations/000SE,000SE,SCE South Hills Park,2025-06-17T15:00:00+00:00,,,,[],"{'unitCode': 'wmoUnit:degC', 'value': 20.57, 'qualityControl': 'V'}","{'unitCode': 'wmoUnit:degC', 'value': 14.41, 'qualityControl': 'V'}","{'unitCode': 'wmoUnit:degree_(angle)', 'value': 45.02, 'qualityControl': 'V'}","{'unitCode': 'wmoUnit:km_h-1', 'value': 3.024, 'qualityControl': 'V'}","{'unitCode': 'wmoUnit:km_h-1', 'value': None, 'qualityControl': 'Z'}","{'unitCode': 'wmoUnit:Pa', 'value': None, 'qualityControl': 'Z'}","{'unitCode': 'wmoUnit:Pa', 'value': None, 'qualityControl': 'Z'}","{'unitCode': 'wmoUnit:m', 'value': None, 'qualityControl': 'Z'}","{'unitCode': 'wmoUnit:degC', 'value': None}","{'unitCode': 'wmoUnit:degC', 'value': None}","{'unitCode': 'wmoUnit:mm', 'value': None, 'qualityControl': 'Z'}","{'unitCode': 'wmoUnit:percent', 'value': 67.786584891555, 'qualityControl': 'V'}","{'unitCode': 'wmoUnit:degC', 'value': None, 'qualityControl': 'V'}","{'unitCode': 'wmoUnit:degC', 'value': None, 'qualityControl': 'V'}",[],2025-06-18 01:02:52
https://api.weather.gov/stations/000SE/observations/2025-06-17T14:00:00+00:00,wx:ObservationStation,"{'unitCode': 'wmoUnit:m', 'value': 242.9}",https://api.weather.gov/stations/000SE,000SE,SCE South Hills Park,2025-06-17T14:00:00+00:00,,,,[],"{'unitCode': 'wmoUnit:degC', 'value': 16.67, 'qualityControl': 'V'}","{'unitCode': 'wmoUnit:degC', 'value': 14.02, 'qualityControl': 'V'}","{'unitCode': 'wmoUnit:degree_(angle)', 'value': 28.8, 'qualityControl': 'V'}","{'unitCode': 'wmoUnit:km_h-1', 'value': 2.196, 'qualityControl': 'V'}","{'unitCode': 'wmoUnit:km_h-1', 'value': None, 'qualityControl': 'Z'}","{'unitCode': 'wmoUnit:Pa', 'value': None, 'qualityControl': 'Z'}","{'unitCode': 'wmoUnit:Pa', 'value': None, 'qualityControl': 'Z'}","{'unitCode': 'wmoUnit:m', 'value': None, 'qualityControl': 'Z'}","{'unitCode': 'wmoUnit:degC', 'value': None}","{'unitCode': 'wmoUnit:degC', 'value': None}","{'unitCode': 'wmoUnit:mm', 'value': None, 'qualityControl': 'Z'}","{'unitCode': 'wmoUnit:percent', 'value': 84.363817731767, 'qualityControl': 'V'}","{'unitCode': 'wmoUnit:degC', 'value': None, 'qualityControl': 'V'}","{'unitCode': 'wmoUnit:degC', 'value': None, 'qualityControl': 'V'}",[],2025-06-18 01:02:52
https://api.weather.gov/stations/000SE/observations/2025-06-17T12:10:00+00:00,wx:ObservationStation,"{'unitCode': 'wmoUnit:m', 'value': 242.9}",https://api.weather.gov/stations/000SE,000SE,SCE South Hills Park,2025-06-17T12:10:00+00:00,,,,[],"{'unitCode': 'wmoUnit:degC', 'value': 15.73, 'qualityControl': 'V'}","{'unitCode': 'wmoUnit:degC', 'value': 13.51, 'qualityControl': 'V'}","{'unitCode': 'wmoUnit:degree_(angle)', 'value': 16.08, 'qualityControl': 'V'}","{'unitCode': 'wmoUnit:km_h-1', 'value': 3.312, 'qualityControl': 'V'}","{'unitCode': 'wmoUnit:km_h-1', 'value': None, 'qualityControl': 'Z'}","{'unitCode': 'wmoUnit:Pa', 'value': None, 'qualityControl': 'Z'}","{'unitCode': 'wmoUnit:Pa', 'value': None, 'qualityControl': 'Z'}","{'unitCode': 'wmoUnit:m', 'value': None, 'qualityControl': 'Z'}","{'unitCode': 'wmoUnit:degC', 'value': None}","{'unitCode': 'wmoUnit:degC', 'value': None}","{'unitCode': 'wmoUnit:mm', 'value': None, 'qualityControl': 'Z'}","{'unitCode': 'wmoUnit:percent', 'value': 86.654332926302, 'qualityControl': 'V'}","{'unitCode': 'wmoUnit:degC', 'value': None, 'qualityControl': 'V'}","{'unitCode': 'wmoUnit:degC', 'value': None, 'qualityControl': 'V'}",[],2025-06-18 01:02:52
https://api.weather.gov/stations/000SE/observations/2025-06-17T11:40:00+00:00,wx:ObservationStation,"{'unitCode': 'wmoUnit:m', 'value': 242.9}",https://api.weather.gov/stations/000SE,000SE,SCE South Hills Park,2025-06-17T11:40:00+00:00,,,,[],"{'unitCode': 'wmoUnit:degC', 'value': 16.23, 'qualityControl': 'V'}","{'unitCode': 'wmoUnit:degC', 'value': 13.55, 'qualityControl': 'V'}","{'unitCode': 'wmoUnit:degree_(angle)', 'value': 4.46, 'qualityControl': 'V'}","{'unitCode': 'wmoUnit:km_h-1', 'value': 2.088, 'qualityControl': 'V'}","{'unitCode': 'wmoUnit:km_h-1', 'value': None, 'qualityControl': 'Z'}","{'unitCode': 'wmoUnit:Pa', 'value': None, 'qualityControl': 'Z'}","{'unitCode': 'wmoUnit:Pa', 'value': None, 'qualityControl': 'Z'}","{'unitCode': 'wmoUnit:m', 'value': None, 'qualityControl': 'Z'}","{'unitCode': 'wmoUnit:degC', 'value': None}","{'unitCode': 'wmoUnit:degC', 'value': None}","{'unitCode': 'wmoUnit:mm', 'value': None, 'qualityControl': 'Z'}","{'unitCode': 'wmoUnit:percent', 'value': 84.150460377004, 'qualityControl': 'V'}","{'unitCode': 'wmoUnit:degC', 'value': None, 'qualityControl': 'V'}","{'unitCode': 'wmoUnit:degC', 'value': None, 'qualityControl': 'V'}",[],2025-06-18 01:02:52
https://api.weather.gov/stations/000SE/observations/2025-06-17T11:10:00+00:00,wx:ObservationStation,"{'unitCode': 'wmoUnit:m', 'value': 242.9}",https://api.weather.gov/stations/000SE,000SE,SCE South Hills Park,2025-06-17T11:10:00+00:00,,,,[],"{'unitCode': 'wmoUnit:degC', 'value': 16.69, 'qualityControl': 'V'}","{'unitCode': 'wmoUnit:degC', 'value': 13.35, 'qualityControl': 'V'}","{'unitCode': 'wmoUnit:degree_(angle)', 'value': 0.54, 'qualityControl': 'V'}","{'unitCode': 'wmoUnit:km_h-1', 'value': 2.592, 'qualityControl': 'V'}","{'unitCode': 'wmoUnit:km_h-1', 'value': None, 'qualityControl': 'Z'}","{'unitCode': 'wmoUnit:Pa', 'value': None, 'qualityControl': 'Z'}","{'unitCode': 'wmoUnit:Pa', 'value': None, 'qualityControl': 'Z'}","{'unitCode': 'wmoUnit:m', 'value': None, 'qualityControl': 'Z'}","{'unitCode': 'wmoUnit:degC', 'value': None}","{'unitCode': 'wmoUnit:degC', 'value': None}","{'unitCode': 'wmoUnit:mm', 'value': None, 'qualityControl': 'Z'}","{'unitCode': 'wmoUnit:percent', 'value': 80.666450834592, 'qualityControl': 'V'}","{'unitCode': 'wmoUnit:degC', 'value': None, 'qualityControl': 'V'}","{'unitCode': 'wmoUnit:degC', 'value': None, 'qualityControl': 'V'}",[],2025-06-18 01:02:52
https://api.weather.gov/stations/000SE/observations/2025-06-17T10:50:00+00:00,wx:ObservationStation,"{'unitCode': 'wmoUnit:m', 'value': 242.9}",https://api.weather.gov/stations/000SE,000SE,SCE South Hills Park,2025-06-17T10:50:00+00:00,,,,[],"{'unitCode': 'wmoUnit:degC', 'value': 17.3, 'qualityControl': 'V'}","{'unitCode': 'wmoUnit:degC', 'value': 13.06, 'qualityControl': 'V'}","{'unitCode': 'wmoUnit:degree_(angle)', 'value': 9.21, 'qualityControl': 'V'}","{'unitCode': 'wmoUnit:km_h-1', 'value': 2.34, 'qualityControl': 'V'}","{'unitCode': 'wmoUnit:km_h-1', 'value': 6.444, 'qualityControl': 'S'}","{'unitCode': 'wmoUnit:Pa', 'value': None, 'qualityControl': 'Z'}","{'unitCode': 'wmoUnit:Pa', 'value': None, 'qualityControl': 'Z'}","{'unitCode': 'wmoUnit:m', 'value': None, 'qualityControl': 'Z'}","{'unitCode': 'wmoUnit:degC', 'value': None}","{'unitCode': 'wmoUnit:degC', 'value': None}","{'unitCode': 'wmoUnit:mm', 'value': None, 'qualityControl': 'Z'}","{'unitCode': 'wmoUnit:percent', 'value': 76.154234051965, 'qualityControl': 'V'}","{'unitCode': 'wmoUnit:degC', 'value': None, 'qualityControl': 'V'}","{'unitCode': 'wmoUnit:degC', 'value': None, 'qualityControl': 'V'}",[],2025-06-18 01:02:52
https://api.weather.gov/stations/000SE/observations/2025-06-17T10:20:00+00:00,wx:ObservationStation,"{'unitCode': 'wmoUnit:m', 'value': 242.9}",https://api.weather.gov/stations/000SE,000SE,SCE South Hills Park,2025-06-17T10:20:00+00:00,,,,[],"{'unitCode': 'wmoUnit:degC', 'value': 17.77, 'qualityControl': 'V'}","{'unitCode': 'wmoUnit:degC', 'value': 12.52, 'qualityControl': 'V'}","{'unitCode': 'wmoUnit:degree_(angle)', 'value': 358.1, 'qualityControl': 'V'}","{'unitCode': 'wmoUnit:km_h-1', 'value': 1.872, 'qualityControl': 'V'}","{'unitCode': 'wmoUnit:km_h-1', 'value': None, 'qualityControl': 'Z'}","{'unitCode': 'wmoUnit:Pa', 'value': None, 'qualityControl': 'Z'}","{'unitCode': 'wmoUnit:Pa', 'value': None, 'qualityControl': 'Z'}","{'unitCode': 'wmoUnit:m', 'value': None, 'qualityControl': 'Z'}","{'unitCode': 'wmoUnit:degC', 'value': None}","{'unitCode': 'wmoUnit:degC', 'value': None}","{'unitCode': 'wmoUnit:mm', 'value': None, 'qualityControl': 'Z'}","{'unitCode': 'wmoUnit:percent', 'value': 71.362112207497, 'qualityControl': 'V'}","{'unitCode': 'wmoUnit:degC', 'value': None, 'qualityControl': 'V'}","{'unitCode': 'wmoUnit:degC', 'value': None, 'qualityControl': 'V'}",[],2025-06-18 01:02:52
https://api.weather.gov/stations/000SE/observations/2025-06-17T08:50:00+00:00,wx:ObservationStation,"{'unitCode': 'wmoUnit:m', 'value': 242.9}",https://api.weather.gov/stations/000SE,000SE,SCE South Hills Park,2025-06-17T08:50:00+00:00,,,,[],"{'unitCode': 'wmoUnit:degC', 'value': 18.99, 'qualityControl': 'V'}","{'unitCode': 'wmoUnit:degC', 'value': 11.89, 'qualityControl': 'V'}","{'unitCode': 'wmoUnit:degree_(angle)', 'value': 349.5, 'qualityControl': 'V'}","{'unitCode': 'wmoUnit:km_h-1', 'value': 1.404, 'qualityControl': 'V'}","{'unitCode': 'wmoUnit:km_h-1', 'value': 3.312, 'qualityControl': 'S'}","{'unitCode': 'wmoUnit:Pa', 'value': None, 'qualityControl': 'Z'}","{'unitCode': 'wmoUnit:Pa', 'value': None, 'qualityControl': 'Z'}","{'unitCode': 'wmoUnit:m', 'value': None, 'qualityControl': 'Z'}","{'unitCode': 'wmoUnit:degC', 'value': None}","{'unitCode': 'wmoUnit:degC', 'value': None}","{'unitCode': 'wmoUnit:mm', 'value': None, 'qualityControl': 'Z'}","{'unitCode': 'wmoUnit:percent', 'value': 63.426057599456, 'qualityControl': 'V'}","{'unitCode': 'wmoUnit:degC', 'value': None, 'qualityControl': 'V'}","{'unitCode': 'wmoUnit:degC', 'value': None, 'qualityControl': 'V'}",[],2025-06-18 01:02:52
https://api.weather.gov/stations/000SE/observations/2025-06-17T08:00:00+00:00,wx:ObservationStation,"{'unitCode': 'wmoUnit:m', 'value': 242.9}",https://api.weather.gov/stations/000SE,000SE,SCE South Hills Park,2025-06-17T08:00:00+00:00,,,,[],"{'unitCode': 'wmoUnit:degC', 'value': 18.87, 'qualityControl': 'V'}","{'unitCode': 'wmoUnit:degC', 'value': 12.34, 'qualityControl': 'V'}","{'unitCode': 'wmoUnit:degree_(angle)', 'value': 359.9, 'qualityControl': 'V'}","{'unitCode': 'wmoUnit:km_h-1', 'value': 2.736, 'qualityControl': 'V'}","{'unitCode': 'wmoUnit:km_h-1', 'value': None, 'qualityControl': 'Z'}","{'unitCode': 'wmoUnit:Pa', 'value': None, 'qualityControl': 'Z'}","{'unitCode': 'wmoUnit:Pa', 'value': None, 'qualityControl': 'Z'}","{'unitCode': 'wmoUnit:m', 'value': None, 'qualityControl': 'Z'}","{'unitCode': 'wmoUnit:degC', 'value': None}","{'unitCode': 'wmoUnit:degC', 'value': None}","{'unitCode': 'wmoUnit:mm', 'value': None, 'qualityControl': 'Z'}","{'unitCode': 'wmoUnit:percent', 'value': 65.823242515577, 'qualityControl': 'V'}","{'unitCode': 'wmoUnit:degC', 'value': None, 'qualityControl': 'V'}","{'unitCode': 'wmoUnit:degC', 'value': None, 'qualityControl': 'V'}",[],2025-06-18 01:02:52
https://api.weather.gov/stations/000SE/observations/2025-06-17T07:30:00+00:00,wx:ObservationStation,"{'unitCode': 'wmoUnit:m', 'value': 242.9}",https://api.weather.gov/stations/000SE,000SE,SCE South Hills Park,2025-06-17T07:30:00+00:00,,,,[],"{'unitCode': 'wmoUnit:degC', 'value': 19.28, 'qualityControl': 'V'}","{'unitCode': 'wmoUnit:degC', 'value': 12.92, 'qualityControl': 'V'}","{'unitCode': 'wmoUnit:degree_(angle)', 'value': 6.91, 'qualityControl': 'V'}","{'unitCode': 'wmoUnit:km_h-1', 'value': 3.168, 'qualityControl': 'V'}","{'unitCode': 'wmoUnit:km_h-1', 'value': None, 'qualityControl': 'Z'}","{'unitCode': 'wmoUnit:Pa', 'value': None, 'qualityControl': 'Z'}","{'unitCode': 'wmoUnit:Pa', 'value': None, 'qualityControl': 'Z'}","{'unitCode': 'wmoUnit:m', 'value': None, 'qualityControl': 'Z'}","{'unitCode': 'wmoUnit:degC', 'value': None}","{'unitCode': 'wmoUnit:degC', 'value': None}","{'unitCode': 'wmoUnit:mm', 'value': None, 'qualityControl': 'Z'}","{'unitCode': 'wmoUnit:percent', 'value': 66.647554275322, 'qualityControl': 'V'}","{'unitCode': 'wmoUnit:degC', 'value': None, 'qualityControl': 'V'}","{'unitCode': 'wmoUnit:degC', 'value': None, 'qualityControl': 'V'}",[],2025-06-18 01:02:52
https://api.weather.gov/stations/000SE/observations/2025-06-17T07:00:00+00:00,wx:ObservationStation,"{'unitCode': 'wmoUnit:m', 'value': 242.9}",https://api.weather.gov/stations/000SE,000SE,SCE South Hills Park,2025-06-17T07:00:00+00:00,,,,[],"{'unitCode': 'wmoUnit:degC', 'value': 19.62, 'qualityControl': 'V'}","{'unitCode': 'wmoUnit:degC', 'value': 13.06, 'qualityControl': 'V'}","{'unitCode': 'wmoUnit:degree_(angle)', 'value': 9.07, 'qualityControl': 'V'}","{'unitCode': 'wmoUnit:km_h-1', 'value': 3.744, 'qualityControl': 'V'}","{'unitCode': 'wmoUnit:km_h-1', 'value': None, 'qualityControl': 'Z'}","{'unitCode': 'wmoUnit:Pa', 'value': None, 'qualityControl': 'Z'}","{'unitCode': 'wmoUnit:Pa', 'value': None, 'qualityControl': 'Z'}","{'unitCode': 'wmoUnit:m', 'value': None, 'qualityControl': 'Z'}","{'unitCode': 'wmoUnit:degC', 'value': None}","{'unitCode': 'wmoUnit:degC', 'value': None}","{'unitCode': 'wmoUnit:mm', 'value': None, 'qualityControl': 'Z'}","{'unitCode': 'wmoUnit:percent', 'value': 65.85327022658, 'qualityControl': 'V'}","{'unitCode': 'wmoUnit:degC', 'value': None, 'qualityControl': 'V'}","{'unitCode': 'wmoUnit:degC', 'value': None, 'qualityControl': 'V'}",[],2025-06-18 01:02:52
https://api.weather.gov/stations/000SE/observations/2025-06-17T06:10:00+00:00,wx:ObservationStation,"{'unitCode': 'wmoUnit:m', 'value': 242.9}",https://api.weather.gov/stations/000SE,000SE,SCE South Hills Park,2025-06-17T06:10:00+00:00,,,,[],"{'unitCode': 'wmoUnit:degC', 'value': 20.79, 'qualityControl': 'V'}","{'unitCode': 'wmoUnit:degC', 'value': 12.52, 'qualityControl': 'V'}","{'unitCode': 'wmoUnit:degree_(angle)', 'value': 13.71, 'qualityControl': 'V'}","{'unitCode': 'wmoUnit:km_h-1', 'value': 3.528, 'qualityControl': 'V'}","{'unitCode': 'wmoUnit:km_h-1', 'value': None, 'qualityControl': 'Z'}","{'unitCode': 'wmoUnit:Pa', 'value': None, 'qualityControl': 'Z'}","{'unitCode': 'wmoUnit:Pa', 'value': None, 'qualityControl': 'Z'}","{'unitCode': 'wmoUnit:m', 'value': None, 'qualityControl': 'Z'}","{'unitCode': 'wmoUnit:degC', 'value': None}","{'unitCode': 'wmoUnit:degC', 'value': None}","{'unitCode': 'wmoUnit:mm', 'value': None, 'qualityControl': 'Z'}","{'unitCode': 'wmoUnit:percent', 'value': 59.131502216042, 'qualityControl': 'V'}","{'unitCode': 'wmoUnit:degC', 'value': None, 'qualityControl': 'V'}","{'unitCode': 'wmoUnit:degC', 'value': None, 'qualityControl': 'V'}",[],2025-06-18 01:02:52
https://api.weather.gov/stations/000SE/observations/2025-06-17T04:20:00+00:00,wx:ObservationStation,"{'unitCode': 'wmoUnit:m', 'value': 242.9}",https://api.weather.gov/stations/000SE,000SE,SCE South Hills Park,2025-06-17T04:20:00+00:00,,,,[],"{'unitCode': 'wmoUnit:degC', 'value': 23.49, 'qualityControl': 'V'}","{'unitCode': 'wmoUnit:degC', 'value': 13.66, 'qualityControl': 'V'}","{'unitCode': 'wmoUnit:degree_(angle)', 'value': 358.7, 'qualityControl': 'V'}","{'unitCode': 'wmoUnit:km_h-1', 'value': 2.376, 'qualityControl': 'V'}","{'unitCode': 'wmoUnit:km_h-1', 'value': None, 'qualityControl': 'Z'}","{'unitCode': 'wmoUnit:Pa', 'value': None, 'qualityControl': 'Z'}","{'unitCode': 'wmoUnit:Pa', 'value': None, 'qualityControl': 'Z'}","{'unitCode': 'wmoUnit:m', 'value': None, 'qualityControl': 'Z'}","{'unitCode': 'wmoUnit:degC', 'value': None}","{'unitCode': 'wmoUnit:degC', 'value': None}","{'unitCode': 'wmoUnit:mm', 'value': None, 'qualityControl': 'Z'}","{'unitCode': 'wmoUnit:percent', 'value': 54.040098829841, 'qualityControl': 'V'}","{'unitCode': 'wmoUnit:degC', 'value': None, 'qualityControl': 'V'}","{'unitCode': 'wmoUnit:degC', 'value': 23.30560258055722, 'qualityControl': 'V'}",[],2025-06-18 01:02:52
https://api.weather.gov/stations/000SE/observations/2025-06-17T03:50:00+00:00,wx:ObservationStation,"{'unitCode': 'wmoUnit:m', 'value': 242.9}",https://api.weather.gov/stations/000SE,000SE,SCE South Hills Park,2025-06-17T03:50:00+00:00,,,,[],"{'unitCode': 'wmoUnit:degC', 'value': 24.39, 'qualityControl': 'V'}","{'unitCode': 'wmoUnit:degC', 'value': 13.76, 'qualityControl': 'V'}","{'unitCode': 'wmoUnit:degree_(angle)', 'value': 358.1, 'qualityControl': 'V'}","{'unitCode': 'wmoUnit:km_h-1', 'value': 1.836, 'qualityControl': 'V'}","{'unitCode': 'wmoUnit:km_h-1', 'value': 4.464, 'qualityControl': 'S'}","{'unitCode': 'wmoUnit:Pa', 'value': None, 'qualityControl': 'Z'}","{'unitCode': 'wmoUnit:Pa', 'value': None, 'qualityControl': 'Z'}","{'unitCode': 'wmoUnit:m', 'value': None, 'qualityControl': 'Z'}","{'unitCode': 'wmoUnit:degC', 'value': None}","{'unitCode': 'wmoUnit:degC', 'value': None}","{'unitCode': 'wmoUnit:mm', 'value': None, 'qualityControl': 'Z'}","{'unitCode': 'wmoUnit:percent', 'value': 51.528621047584, 'qualityControl': 'V'}","{'unitCode': 'wmoUnit:degC', 'value': None, 'qualityControl': 'V'}","{'unitCode': 'wmoUnit:degC', 'value': 24.230025105131112, 'qualityControl': 'V'}",[],2025-06-18 01:02:52
https://api.weather.gov/stations/000SE/observations/2025-06-17T03:20:00+00:00,wx:ObservationStation,"{'unitCode': 'wmoUnit:m', 'value': 242.9}",https://api.weather.gov/stations/000SE,000SE,SCE South Hills Park,2025-06-17T03:20:00+00:00,,,,[],"{'unitCode': 'wmoUnit:degC', 'value': 25.19, 'qualityControl': 'V'}","{'unitCode': 'wmoUnit:degC', 'value': 13.86, 'qualityControl': 'V'}","{'unitCode': 'wmoUnit:degree_(angle)', 'value': 354.4, 'qualityControl': 'V'}","{'unitCode': 'wmoUnit:km_h-1', 'value': 2.016, 'qualityControl': 'V'}","{'unitCode': 'wmoUnit:km_h-1', 'value': None, 'qualityControl': 'Z'}","{'unitCode': 'wmoUnit:Pa', 'value': None, 'qualityControl': 'Z'}","{'unitCode': 'wmoUnit:Pa', 'value': None, 'qualityControl': 'Z'}","{'unitCode': 'wmoUnit:m', 'value': None, 'qualityControl': 'Z'}","{'unitCode': 'wmoUnit:degC', 'value': None}","{'unitCode': 'wmoUnit:degC', 'value': None}","{'unitCode': 'wmoUnit:mm', 'value': None, 'qualityControl': 'Z'}","{'unitCode': 'wmoUnit:percent', 'value': 49.444843725158, 'qualityControl': 'V'}","{'unitCode': 'wmoUnit:degC', 'value': None, 'qualityControl': 'V'}","{'unitCode': 'wmoUnit:degC', 'value': 25.055615363934443, 'qualityControl': 'V'}",[],2025-06-18 01:02:52
https://api.weather.gov/stations/000SE/observations/2025-06-17T02:50:00+00:00,wx:ObservationStation,"{'unitCode': 'wmoUnit:m', 'value': 242.9}",https://api.weather.gov/stations/000SE,000SE,SCE South Hills Park,2025-06-17T02:50:00+00:00,,,,[],"{'unitCode': 'wmoUnit:degC', 'value': 26.52, 'qualityControl': 'V'}","{'unitCode': 'wmoUnit:degC', 'value': 14.1, 'qualityControl': 'V'}","{'unitCode': 'wmoUnit:degree_(angle)', 'value': 328.9, 'qualityControl': 'V'}","{'unitCode': 'wmoUnit:km_h-1', 'value': 1.62, 'qualityControl': 'V'}","{'unitCode': 'wmoUnit:km_h-1', 'value': 4.932, 'qualityControl': 'S'}","{'unitCode': 'wmoUnit:Pa', 'value': None, 'qualityControl': 'Z'}","{'unitCode': 'wmoUnit:Pa', 'value': None, 'qualityControl': 'Z'}","{'unitCode': 'wmoUnit:m', 'value': None, 'qualityControl': 'Z'}","{'unitCode': 'wmoUnit:degC', 'value': None}","{'unitCode': 'wmoUnit:degC', 'value': None}","{'unitCode': 'wmoUnit:mm', 'value': None, 'qualityControl': 'Z'}","{'unitCode': 'wmoUnit:percent', 'value': 46.415153603194, 'qualityControl': 'V'}","{'unitCode': 'wmoUnit:degC', 'value': None, 'qualityControl': 'V'}","{'unitCode': 'wmoUnit:degC', 'value': 26.439506788527776, 'qualityControl': 'V'}",[],2025-06-18 01:02:52
https://api.weather.gov/stations/000SE/observations/2025-06-17T02:20:00+00:00,wx:ObservationStation,"{'unitCode': 'wmoUnit:m', 'value': 242.9}",https://api.weather.gov/stations/000SE,000SE,SCE South Hills Park,2025-06-17T02:20:00+00:00,,,,[],"{'unitCode': 'wmoUnit:degC', 'value': 27.61, 'qualityControl': 'V'}","{'unitCode': 'wmoUnit:degC', 'value': 14.09, 'qualityControl': 'V'}","{'unitCode': 'wmoUnit:degree_(angle)', 'value': 317.4, 'qualityControl': 'V'}","{'unitCode': 'wmoUnit:km_h-1', 'value': 1.764, 'qualityControl': 'V'}","{'unitCode': 'wmoUnit:km_h-1', 'value': None, 'qualityControl': 'Z'}","{'unitCode': 'wmoUnit:Pa', 'value': None, 'qualityControl': 'Z'}","{'unitCode': 'wmoUnit:Pa', 'value': None, 'qualityControl': 'Z'}","{'unitCode': 'wmoUnit:m', 'value': None, 'qualityControl': 'Z'}","{'unitCode': 'wmoUnit:degC', 'value': None}","{'unitCode': 'wmoUnit:degC', 'value': None}","{'unitCode': 'wmoUnit:mm', 'value': None, 'qualityControl': 'Z'}","{'unitCode': 'wmoUnit:percent', 'value': 43.509513338544, 'qualityControl': 'V'}","{'unitCode': 'wmoUnit:degC', 'value': None, 'qualityControl': 'V'}","{'unitCode': 'wmoUnit:degC', 'value': 27.55742375085, 'qualityControl': 'V'}",[],2025-06-18 01:02:52
https://api.weather.gov/stations/000SE/observations/2025-06-17T02:00:00+00:00,wx:ObservationStation,"{'unitCode': 'wmoUnit:m', 'value': 242.9}",https://api.weather.gov/stations/000SE,000SE,SCE South Hills Park,2025-06-17T02:00:00+00:00,,,,[],"{'unitCode': 'wmoUnit:degC', 'value': 28.56, 'qualityControl': 'V'}","{'unitCode': 'wmoUnit:degC', 'value': 14.61, 'qualityControl': 'V'}","{'unitCode': 'wmoUnit:degree_(angle)', 'value': 251.4, 'qualityControl': 'V'}","{'unitCode': 'wmoUnit:km_h-1', 'value': 3.564, 'qualityControl': 'V'}","{'unitCode': 'wmoUnit:km_h-1', 'value': None, 'qualityControl': 'Z'}","{'unitCode': 'wmoUnit:Pa', 'value': None, 'qualityControl': 'Z'}","{'unitCode': 'wmoUnit:Pa', 'value': None, 'qualityControl': 'Z'}","{'unitCode': 'wmoUnit:m', 'value': None, 'qualityControl': 'Z'}","{'unitCode': 'wmoUnit:degC', 'value': None}","{'unitCode': 'wmoUnit:degC', 'value': None}","{'unitCode': 'wmoUnit:mm', 'value': None, 'qualityControl': 'Z'}","{'unitCode': 'wmoUnit:percent', 'value': 42.573940337758, 'qualityControl': 'V'}","{'unitCode': 'wmoUnit:degC', 'value': None, 'qualityControl': 'V'}","{'unitCode': 'wmoUnit:degC', 'value': 28.387762301752776, 'qualityControl': 'V'}",[],2025-06-18 01:02:52
https://api.weather.gov/stations/000SE/observations/2025-06-17T00:50:00+00:00,wx:ObservationStation,"{'unitCode': 'wmoUnit:m', 'value': 242.9}",https://api.weather.gov/stations/000SE,000SE,SCE South Hills Park,2025-06-17T00:50:00+00:00,,,,[],"{'unitCode': 'wmoUnit:degC', 'value': 31.61, 'qualityControl': 'V'}","{'unitCode': 'wmoUnit:degC', 'value': 14.96, 'qualityControl': 'V'}","{'unitCode': 'wmoUnit:degree_(angle)', 'value': 228.8, 'qualityControl': 'V'}","{'unitCode': 'wmoUnit:km_h-1', 'value': 6.3, 'qualityControl': 'V'}","{'unitCode': 'wmoUnit:km_h-1', 'value': 15.3, 'qualityControl': 'S'}","{'unitCode': 'wmoUnit:Pa', 'value': None, 'qualityControl': 'Z'}","{'unitCode': 'wmoUnit:Pa', 'value': None, 'qualityControl': 'Z'}","{'unitCode': 'wmoUnit:m', 'value': None, 'qualityControl': 'Z'}","{'unitCode': 'wmoUnit:degC', 'value': None}","{'unitCode': 'wmoUnit:degC', 'value': None}","{'unitCode': 'wmoUnit:mm', 'value': None, 'qualityControl': 'Z'}","{'unitCode': 'wmoUnit:percent', 'value': 36.548917633476, 'qualityControl': 'V'}","{'unitCode': 'wmoUnit:degC', 'value': None, 'qualityControl': 'V'}","{'unitCode': 'wmoUnit:degC', 'value': 31.197432396303334, 'qualityControl': 'V'}",[],2025-06-18 01:02:52
https://api.weather.gov/stations/000SE/observations/2025-06-17T00:30:00+00:00,wx:ObservationStation,"{'unitCode': 'wmoUnit:m', 'value': 242.9}",https://api.weather.gov/stations/000SE,000SE,SCE South Hills Park,2025-06-17T00:30:00+00:00,,,,[],"{'unitCode': 'wmoUnit:degC', 'value': 32.17, 'qualityControl': 'V'}","{'unitCode': 'wmoUnit:degC', 'value': 15.59, 'qualityControl': 'V'}","{'unitCode': 'wmoUnit:degree_(angle)', 'value': 218.2, 'qualityControl': 'V'}","{'unitCode': 'wmoUnit:km_h-1', 'value': 6.084, 'qualityControl': 'V'}","{'unitCode': 'wmoUnit:km_h-1', 'value': None, 'qualityControl': 'Z'}","{'unitCode': 'wmoUnit:Pa', 'value': None, 'qualityControl': 'Z'}","{'unitCode': 'wmoUnit:Pa', 'value': None, 'qualityControl': 'Z'}","{'unitCode': 'wmoUnit:m', 'value': None, 'qualityControl': 'Z'}","{'unitCode': 'wmoUnit:degC', 'value': None}","{'unitCode': 'wmoUnit:degC', 'value': None}","{'unitCode': 'wmoUnit:mm', 'value': None, 'qualityControl': 'Z'}","{'unitCode': 'wmoUnit:percent', 'value': 36.868560205934, 'qualityControl': 'V'}","{'unitCode': 'wmoUnit:degC', 'value': None, 'qualityControl': 'V'}","{'unitCode': 'wmoUnit:degC', 'value': 31.980483242659446, 'qualityControl': 'V'}",[],2025-06-18 01:02:52
https://api.weather.gov/stations/000SE/observations/2025-06-17T00:00:00+00:00,wx:ObservationStation,"{'unitCode': 'wmoUnit:m', 'value': 242.9}",https://api.weather.gov/stations/000SE,000SE,SCE South Hills Park,2025-06-17T00:00:00+00:00,,,,[],"{'unitCode': 'wmoUnit:degC', 'value': 32.78, 'qualityControl': 'V'}","{'unitCode': 'wmoUnit:degC', 'value': 15.9, 'qualityControl': 'V'}","{'unitCode': 'wmoUnit:degree_(angle)', 'value': 242.2, 'qualityControl': 'V'}","{'unitCode': 'wmoUnit:km_h-1', 'value': 5.112, 'qualityControl': 'V'}","{'unitCode': 'wmoUnit:km_h-1', 'value': None, 'qualityControl': 'Z'}","{'unitCode': 'wmoUnit:Pa', 'value': None, 'qualityControl': 'Z'}","{'unitCode': 'wmoUnit:Pa', 'value': None, 'qualityControl': 'Z'}","{'unitCode': 'wmoUnit:m', 'value': None, 'qualityControl': 'Z'}","{'unitCode': 'wmoUnit:degC', 'value': None}","{'unitCode': 'wmoUnit:degC', 'value': None}","{'unitCode': 'wmoUnit:mm', 'value': None, 'qualityControl': 'Z'}","{'unitCode': 'wmoUnit:percent', 'value': 36.334396232419, 'qualityControl': 'V'}","{'unitCode': 'wmoUnit:degC', 'value': None, 'qualityControl': 'V'}","{'unitCode': 'wmoUnit:degC', 'value': 32.731704987714444, 'qualityControl': 'V'}",[],2025-06-18 01:02:52
https://api.weather.gov/stations/000PG/observations/2025-06-17T16:50:00+00:00,wx:ObservationStation,"{'unitCode': 'wmoUnit:m', 'value': 129.2}",https://api.weather.gov/stations/000PG,000PG,Southside Road,2025-06-17T16:50:00+00:00,,,,[],"{'unitCode': 'wmoUnit:degC', 'value': 20.73, 'qualityControl': 'V'}","{'unitCode': 'wmoUnit:degC', 'value': 5.59, 'qualityControl': 'V'}","{'unitCode': 'wmoUnit:degree_(angle)', 'value': 260.8, 'qualityControl': 'V'}","{'unitCode': 'wmoUnit:km_h-1', 'value': 2.736, 'qualityControl': 'V'}","{'unitCode': 'wmoUnit:km_h-1', 'value': 6.804, 'qualityControl': 'S'}","{'unitCode': 'wmoUnit:Pa', 'value': None, 'qualityControl': 'Z'}","{'unitCode': 'wmoUnit:Pa', 'value': None, 'qualityControl': 'Z'}","{'unitCode': 'wmoUnit:m', 'value': None, 'qualityControl': 'Z'}","{'unitCode': 'wmoUnit:degC', 'value': None}","{'unitCode': 'wmoUnit:degC', 'value': None}","{'unitCode': 'wmoUnit:mm', 'value': None, 'qualityControl': 'Z'}","{'unitCode': 'wmoUnit:percent', 'value': 37.198442111913, 'qualityControl': 'V'}","{'unitCode': 'wmoUnit:degC', 'value': None, 'qualityControl': 'V'}","{'unitCode': 'wmoUnit:degC', 'value': None, 'qualityControl': 'V'}",[],2025-06-18 01:02:52
https://api.weather.gov/stations/000PG/observations/2025-06-17T15:50:00+00:00,wx:ObservationStation,"{'unitCode': 'wmoUnit:m', 'value': 129.2}",https://api.weather.gov/stations/000PG,000PG,Southside Road,2025-06-17T15:50:00+00:00,,,,[],"{'unitCode': 'wmoUnit:degC', 'value': 18.51, 'qualityControl': 'V'}","{'unitCode': 'wmoUnit:degC', 'value': 7.32, 'qualityControl': 'V'}","{'unitCode': 'wmoUnit:degree_(angle)', 'value': 249.7, 'qualityControl': 'V'}","{'unitCode': 'wmoUnit:km_h-1', 'value': 1.224, 'qualityControl': 'V'}","{'unitCode': 'wmoUnit:km_h-1', 'value': 4.104, 'qualityControl': 'S'}","{'unitCode': 'wmoUnit:Pa', 'value': None, 'qualityControl': 'Z'}","{'unitCode': 'wmoUnit:Pa', 'value': None, 'qualityControl': 'Z'}","{'unitCode': 'wmoUnit:m', 'value': None, 'qualityControl': 'Z'}","{'unitCode': 'wmoUnit:degC', 'value': None}","{'unitCode': 'wmoUnit:degC', 'value': None}","{'unitCode': 'wmoUnit:mm', 'value': None, 'qualityControl': 'Z'}","{'unitCode': 'wmoUnit:percent', 'value': 48.094109282102, 'qualityControl': 'V'}","{'unitCode': 'wmoUnit:degC', 'value': None, 'qualityControl': 'V'}","{'unitCode': 'wmoUnit:degC', 'value': None, 'qualityControl': 'V'}",[],2025-06-18 01:02:52
https://api.weather.gov/stations/000PG/observations/2025-06-17T14:40:00+00:00,wx:ObservationStation,"{'unitCode': 'wmoUnit:m', 'value': 129.2}",https://api.weather.gov/stations/000PG,000PG,Southside Road,2025-06-17T14:40:00+00:00,,,,[],"{'unitCode': 'wmoUnit:degC', 'value': 12.52, 'qualityControl': 'V'}","{'unitCode': 'wmoUnit:degC', 'value': 7.21, 'qualityControl': 'V'}","{'unitCode': 'wmoUnit:degree_(angle)', 'value': 230.6, 'qualityControl': 'V'}","{'unitCode': 'wmoUnit:km_h-1', 'value': 0.108, 'qualityControl': 'V'}","{'unitCode': 'wmoUnit:km_h-1', 'value': None, 'qualityControl': 'Z'}","{'unitCode': 'wmoUnit:Pa', 'value': None, 'qualityControl': 'Z'}","{'unitCode': 'wmoUnit:Pa', 'value': None, 'qualityControl': 'Z'}","{'unitCode': 'wmoUnit:m', 'value': None, 'qualityControl': 'Z'}","{'unitCode': 'wmoUnit:degC', 'value': None}","{'unitCode': 'wmoUnit:degC', 'value': None}","{'unitCode': 'wmoUnit:mm', 'value': None, 'qualityControl': 'Z'}","{'unitCode': 'wmoUnit:percent', 'value': 70.071115797332, 'qualityControl': 'V'}","{'unitCode': 'wmoUnit:degC', 'value': None, 'qualityControl': 'V'}","{'unitCode': 'wmoUnit:degC', 'value': None, 'qualityControl': 'V'}",[],2025-06-18 01:02:52
https://api.weather.gov/stations/000PG/observations/2025-06-17T12:00:00+00:00,wx:ObservationStation,"{'unitCode': 'wmoUnit:m', 'value': 129.2}",https://api.weather.gov/stations/000PG,000PG,Southside Road,2025-06-17T12:00:00+00:00,,,,[],"{'unitCode': 'wmoUnit:degC', 'value': 6.81, 'qualityControl': 'V'}","{'unitCode': 'wmoUnit:degC', 'value': 4.91, 'qualityControl': 'V'}","{'unitCode': 'wmoUnit:degree_(angle)', 'value': 0, 'qualityControl': 'V'}","{'unitCode': 'wmoUnit:km_h-1', 'value': 0, 'qualityControl': 'V'}","{'unitCode': 'wmoUnit:km_h-1', 'value': None, 'qualityControl': 'Z'}","{'unitCode': 'wmoUnit:Pa', 'value': None, 'qualityControl': 'Z'}","{'unitCode': 'wmoUnit:Pa', 'value': None, 'qualityControl': 'Z'}","{'unitCode': 'wmoUnit:m', 'value': None, 'qualityControl': 'Z'}","{'unitCode': 'wmoUnit:degC', 'value': None}","{'unitCode': 'wmoUnit:degC', 'value': None}","{'unitCode': 'wmoUnit:mm', 'value': None, 'qualityControl': 'Z'}","{'unitCode': 'wmoUnit:percent', 'value': 87.688774203582, 'qualityControl': 'V'}","{'unitCode': 'wmoUnit:degC', 'value': None, 'qualityControl': 'V'}","{'unitCode': 'wmoUnit:degC', 'value': None, 'qualityControl': 'V'}",[],2025-06-18 01:02:52
https://api.weather.gov/stations/000PG/observations/2025-06-17T11:40:00+00:00,wx:ObservationStation,"{'unitCode': 'wmoUnit:m', 'value': 129.2}",https://api.weather.gov/stations/000PG,000PG,Southside Road,2025-06-17T11:40:00+00:00,,,,[],"{'unitCode': 'wmoUnit:degC', 'value': 6.93, 'qualityControl': 'V'}","{'unitCode': 'wmoUnit:degC', 'value': 4.95, 'qualityControl': 'V'}","{'unitCode': 'wmoUnit:degree_(angle)', 'value': 0, 'qualityControl': 'V'}","{'unitCode': 'wmoUnit:km_h-1', 'value': 0, 'qualityControl': 'V'}","{'unitCode': 'wmoUnit:km_h-1', 'value': None, 'qualityControl': 'Z'}","{'unitCode': 'wmoUnit:Pa', 'value': None, 'qualityControl': 'Z'}","{'unitCode': 'wmoUnit:Pa', 'value': None, 'qualityControl': 'Z'}","{'unitCode': 'wmoUnit:m', 'value': None, 'qualityControl': 'Z'}","{'unitCode': 'wmoUnit:degC', 'value': None}","{'unitCode': 'wmoUnit:degC', 'value': None}","{'unitCode': 'wmoUnit:mm', 'value': None, 'qualityControl': 'Z'}","{'unitCode': 'wmoUnit:percent', 'value': 87.212707742837, 'qualityControl': 'V'}","{'unitCode': 'wmoUnit:degC', 'value': None, 'qualityControl': 'V'}","{'unitCode': 'wmoUnit:degC', 'value': None, 'qualityControl': 'V'}",[],2025-06-18 01:02:52
https://api.weather.gov/stations/000PG/observations/2025-06-17T11:10:00+00:00,wx:ObservationStation,"{'unitCode': 'wmoUnit:m', 'value': 129.2}",https://api.weather.gov/stations/000PG,000PG,Southside Road,2025-06-17T11:10:00+00:00,,,,[],"{'unitCode': 'wmoUnit:degC', 'value': 7.35, 'qualityControl': 'V'}","{'unitCode': 'wmoUnit:degC', 'value': 5.15, 'qualityControl': 'V'}","{'unitCode': 'wmoUnit:degree_(angle)', 'value': 50.77, 'qualityControl': 'V'}","{'unitCode': 'wmoUnit:km_h-1', 'value': 1.368, 'qualityControl': 'V'}","{'unitCode': 'wmoUnit:km_h-1', 'value': None, 'qualityControl': 'Z'}","{'unitCode': 'wmoUnit:Pa', 'value': None, 'qualityControl': 'Z'}","{'unitCode': 'wmoUnit:Pa', 'value': None, 'qualityControl': 'Z'}","{'unitCode': 'wmoUnit:m', 'value': None, 'qualityControl': 'Z'}","{'unitCode': 'wmoUnit:degC', 'value': None}","{'unitCode': 'wmoUnit:degC', 'value': None}","{'unitCode': 'wmoUnit:mm', 'value': None, 'qualityControl': 'Z'}","{'unitCode': 'wmoUnit:percent', 'value': 85.929321319773, 'qualityControl': 'V'}","{'unitCode': 'wmoUnit:degC', 'value': None, 'qualityControl': 'V'}","{'unitCode': 'wmoUnit:degC', 'value': None, 'qualityControl': 'V'}",[],2025-06-18 01:02:52
https://api.weather.gov/stations/000PG/observations/2025-06-17T10:50:00+00:00,wx:ObservationStation,"{'unitCode': 'wmoUnit:m', 'value': 129.2}",https://api.weather.gov/stations/000PG,000PG,Southside Road,2025-06-17T10:50:00+00:00,,,,[],"{'unitCode': 'wmoUnit:degC', 'value': 7.73, 'qualityControl': 'V'}","{'unitCode': 'wmoUnit:degC', 'value': 5.25, 'qualityControl': 'V'}","{'unitCode': 'wmoUnit:degree_(angle)', 'value': 74.67, 'qualityControl': 'V'}","{'unitCode': 'wmoUnit:km_h-1', 'value': 0.036, 'qualityControl': 'V'}","{'unitCode': 'wmoUnit:km_h-1', 'value': 1.404, 'qualityControl': 'S'}","{'unitCode': 'wmoUnit:Pa', 'value': None, 'qualityControl': 'Z'}","{'unitCode': 'wmoUnit:Pa', 'value': None, 'qualityControl': 'Z'}","{'unitCode': 'wmoUnit:m', 'value': None, 'qualityControl': 'Z'}","{'unitCode': 'wmoUnit:degC', 'value': None}","{'unitCode': 'wmoUnit:degC', 'value': None}","{'unitCode': 'wmoUnit:mm', 'value': None, 'qualityControl': 'Z'}","{'unitCode': 'wmoUnit:percent', 'value': 84.314395460655, 'qualityControl': 'V'}","{'unitCode': 'wmoUnit:degC', 'value': None, 'qualityControl': 'V'}","{'unitCode': 'wmoUnit:degC', 'value': None, 'qualityControl': 'V'}",[],2025-06-18 01:02:52
https://api.weather.gov/stations/000PG/observations/2025-06-17T10:40:00+00:00,wx:ObservationStation,"{'unitCode': 'wmoUnit:m', 'value': 129.2}",https://api.weather.gov/stations/000PG,000PG,Southside Road,2025-06-17T10:40:00+00:00,,,,[],"{'unitCode': 'wmoUnit:degC', 'value': 8.05, 'qualityControl': 'V'}","{'unitCode': 'wmoUnit:degC', 'value': 5.85, 'qualityControl': 'V'}","{'unitCode': 'wmoUnit:degree_(angle)', 'value': 93.2, 'qualityControl': 'V'}","{'unitCode': 'wmoUnit:km_h-1', 'value': 1.152, 'qualityControl': 'V'}","{'unitCode': 'wmoUnit:km_h-1', 'value': None, 'qualityControl': 'Z'}","{'unitCode': 'wmoUnit:Pa', 'value': None, 'qualityControl': 'Z'}","{'unitCode': 'wmoUnit:Pa', 'value': None, 'qualityControl': 'Z'}","{'unitCode': 'wmoUnit:m', 'value': None, 'qualityControl': 'Z'}","{'unitCode': 'wmoUnit:degC', 'value': None}","{'unitCode': 'wmoUnit:degC', 'value': None}","{'unitCode': 'wmoUnit:mm', 'value': None, 'qualityControl': 'Z'}","{'unitCode': 'wmoUnit:percent', 'value': 86.002226636424, 'qualityControl': 'V'}","{'unitCode': 'wmoUnit:degC', 'value': None, 'qualityControl': 'V'}","{'unitCode': 'wmoUnit:degC', 'value': None, 'qualityControl': 'V'}",[],2025-06-18 01:02:52
https://api.weather.gov/stations/000PG/observations/2025-06-17T10:10:00+00:00,wx:ObservationStation,"{'unitCode': 'wmoUnit:m', 'value': 129.2}",https://api.weather.gov/stations/000PG,000PG,Southside Road,2025-06-17T10:10:00+00:00,,,,[],"{'unitCode': 'wmoUnit:degC', 'value': 8.08, 'qualityControl': 'V'}","{'unitCode': 'wmoUnit:degC', 'value': 5.59, 'qualityControl': 'V'}","{'unitCode': 'wmoUnit:degree_(angle)', 'value': 240.7, 'qualityControl': 'V'}","{'unitCode': 'wmoUnit:km_h-1', 'value': 0.864, 'qualityControl': 'V'}","{'unitCode': 'wmoUnit:km_h-1', 'value': None, 'qualityControl': 'Z'}","{'unitCode': 'wmoUnit:Pa', 'value': None, 'qualityControl': 'Z'}","{'unitCode': 'wmoUnit:Pa', 'value': None, 'qualityControl': 'Z'}","{'unitCode': 'wmoUnit:m', 'value': None, 'qualityControl': 'Z'}","{'unitCode': 'wmoUnit:degC', 'value': None}","{'unitCode': 'wmoUnit:degC', 'value': None}","{'unitCode': 'wmoUnit:mm', 'value': None, 'qualityControl': 'Z'}","{'unitCode': 'wmoUnit:percent', 'value': 84.296245944214, 'qualityControl': 'V'}","{'unitCode': 'wmoUnit:degC', 'value': None, 'qualityControl': 'V'}","{'unitCode': 'wmoUnit:degC', 'value': None, 'qualityControl': 'V'}",[],2025-06-18 01:02:52
https://api.weather.gov/stations/000PG/observations/2025-06-17T09:50:00+00:00,wx:ObservationStation,"{'unitCode': 'wmoUnit:m', 'value': 129.2}",https://api.weather.gov/stations/000PG,000PG,Southside Road,2025-06-17T09:50:00+00:00,,,,[],"{'unitCode': 'wmoUnit:degC', 'value': 8.46, 'qualityControl': 'V'}","{'unitCode': 'wmoUnit:degC', 'value': 5.6, 'qualityControl': 'V'}","{'unitCode': 'wmoUnit:degree_(angle)', 'value': 0, 'qualityControl': 'V'}","{'unitCode': 'wmoUnit:km_h-1', 'value': 0, 'qualityControl': 'V'}","{'unitCode': 'wmoUnit:km_h-1', 'value': 0, 'qualityControl': 'S'}","{'unitCode': 'wmoUnit:Pa', 'value': None, 'qualityControl': 'Z'}","{'unitCode': 'wmoUnit:Pa', 'value': None, 'qualityControl': 'Z'}","{'unitCode': 'wmoUnit:m', 'value': None, 'qualityControl': 'Z'}","{'unitCode': 'wmoUnit:degC', 'value': None}","{'unitCode': 'wmoUnit:degC', 'value': None}","{'unitCode': 'wmoUnit:mm', 'value': None, 'qualityControl': 'Z'}","{'unitCode': 'wmoUnit:percent', 'value': 82.208350297304, 'qualityControl': 'V'}","{'unitCode': 'wmoUnit:degC', 'value': None, 'qualityControl': 'V'}","{'unitCode': 'wmoUnit:degC', 'value': None, 'qualityControl': 'V'}",[],2025-06-18 01:02:52
https://api.weather.gov/stations/000PG/observations/2025-06-17T08:50:00+00:00,wx:ObservationStation,"{'unitCode': 'wmoUnit:m', 'value': 129.2}",https://api.weather.gov/stations/000PG,000PG,Southside Road,2025-06-17T08:50:00+00:00,,,,[],"{'unitCode': 'wmoUnit:degC', 'value': 9.35, 'qualityControl': 'V'}","{'unitCode': 'wmoUnit:degC', 'value': 6.72, 'qualityControl': 'V'}","{'unitCode': 'wmoUnit:degree_(angle)', 'value': 0, 'qualityControl': 'V'}","{'unitCode': 'wmoUnit:km_h-1', 'value': 0, 'qualityControl': 'V'}","{'unitCode': 'wmoUnit:km_h-1', 'value': 0, 'qualityControl': 'S'}","{'unitCode': 'wmoUnit:Pa', 'value': None, 'qualityControl': 'Z'}","{'unitCode': 'wmoUnit:Pa', 'value': None, 'qualityControl': 'Z'}","{'unitCode': 'wmoUnit:m', 'value': None, 'qualityControl': 'Z'}","{'unitCode': 'wmoUnit:degC', 'value': None}","{'unitCode': 'wmoUnit:degC', 'value': None}","{'unitCode': 'wmoUnit:mm', 'value': None, 'qualityControl': 'Z'}","{'unitCode': 'wmoUnit:percent', 'value': 83.634195348779, 'qualityControl': 'V'}","{'unitCode': 'wmoUnit:degC', 'value': None, 'qualityControl': 'V'}","{'unitCode': 'wmoUnit:degC', 'value': None, 'qualityControl': 'V'}",[],2025-06-18 01:02:52
https://api.weather.gov/stations/000PG/observations/2025-06-17T07:50:00+00:00,wx:ObservationStation,"{'unitCode': 'wmoUnit:m', 'value': 129.2}",https://api.weather.gov/stations/000PG,000PG,Southside Road,2025-06-17T07:50:00+00:00,,,,[],"{'unitCode': 'wmoUnit:degC', 'value': 10.53, 'qualityControl': 'V'}","{'unitCode': 'wmoUnit:degC', 'value': 6.59, 'qualityControl': 'V'}","{'unitCode': 'wmoUnit:degree_(angle)', 'value': 79.51, 'qualityControl': 'V'}","{'unitCode': 'wmoUnit:km_h-1', 'value': 1.656, 'qualityControl': 'V'}","{'unitCode': 'wmoUnit:km_h-1', 'value': 4.464, 'qualityControl': 'S'}","{'unitCode': 'wmoUnit:Pa', 'value': None, 'qualityControl': 'Z'}","{'unitCode': 'wmoUnit:Pa', 'value': None, 'qualityControl': 'Z'}","{'unitCode': 'wmoUnit:m', 'value': None, 'qualityControl': 'Z'}","{'unitCode': 'wmoUnit:degC', 'value': None}","{'unitCode': 'wmoUnit:degC', 'value': None}","{'unitCode': 'wmoUnit:mm', 'value': None, 'qualityControl': 'Z'}","{'unitCode': 'wmoUnit:percent', 'value': 76.595668439516, 'qualityControl': 'V'}","{'unitCode': 'wmoUnit:degC', 'value': None, 'qualityControl': 'V'}","{'unitCode': 'wmoUnit:degC', 'value': None, 'qualityControl': 'V'}",[],2025-06-18 01:02:52
https://api.weather.gov/stations/000PG/observations/2025-06-17T07:20:00+00:00,wx:ObservationStation,"{'unitCode': 'wmoUnit:m', 'value': 129.2}",https://api.weather.gov/stations/000PG,000PG,Southside Road,2025-06-17T07:20:00+00:00,,,,[],"{'unitCode': 'wmoUnit:degC', 'value': 10.68, 'qualityControl': 'V'}","{'unitCode': 'wmoUnit:degC', 'value': 7.43, 'qualityControl': 'V'}","{'unitCode': 'wmoUnit:degree_(angle)', 'value': 0, 'qualityControl': 'V'}","{'unitCode': 'wmoUnit:km_h-1', 'value': 0, 'qualityControl': 'V'}","{'unitCode': 'wmoUnit:km_h-1', 'value': None, 'qualityControl': 'Z'}","{'unitCode': 'wmoUnit:Pa', 'value': None, 'qualityControl': 'Z'}","{'unitCode': 'wmoUnit:Pa', 'value': None, 'qualityControl': 'Z'}","{'unitCode': 'wmoUnit:m', 'value': None, 'qualityControl': 'Z'}","{'unitCode': 'wmoUnit:degC', 'value': None}","{'unitCode': 'wmoUnit:degC', 'value': None}","{'unitCode': 'wmoUnit:mm', 'value': None, 'qualityControl': 'Z'}","{'unitCode': 'wmoUnit:percent', 'value': 80.3266737033, 'qualityControl': 'V'}","{'unitCode': 'wmoUnit:degC', 'value': None, 'qualityControl': 'V'}","{'unitCode': 'wmoUnit:degC', 'value': None, 'qualityControl': 'V'}",[],2025-06-18 01:02:52
https://api.weather.gov/stations/000PG/observations/2025-06-17T07:00:00+00:00,wx:ObservationStation,"{'unitCode': 'wmoUnit:m', 'value': 129.2}",https://api.weather.gov/stations/000PG,000PG,Southside Road,2025-06-17T07:00:00+00:00,,,,[],"{'unitCode': 'wmoUnit:degC', 'value': 11.53, 'qualityControl': 'V'}","{'unitCode': 'wmoUnit:degC', 'value': 8.03, 'qualityControl': 'V'}","{'unitCode': 'wmoUnit:degree_(angle)', 'value': 273.5, 'qualityControl': 'V'}","{'unitCode': 'wmoUnit:km_h-1', 'value': 0.936, 'qualityControl': 'V'}","{'unitCode': 'wmoUnit:km_h-1', 'value': None, 'qualityControl': 'Z'}","{'unitCode': 'wmoUnit:Pa', 'value': None, 'qualityControl': 'Z'}","{'unitCode': 'wmoUnit:Pa', 'value': None, 'qualityControl': 'Z'}","{'unitCode': 'wmoUnit:m', 'value': None, 'qualityControl': 'Z'}","{'unitCode': 'wmoUnit:degC', 'value': None}","{'unitCode': 'wmoUnit:degC', 'value': None}","{'unitCode': 'wmoUnit:mm', 'value': None, 'qualityControl': 'Z'}","{'unitCode': 'wmoUnit:percent', 'value': 79.091069153342, 'qualityControl': 'V'}","{'unitCode': 'wmoUnit:degC', 'value': None, 'qualityControl': 'V'}","{'unitCode': 'wmoUnit:degC', 'value': None, 'qualityControl': 'V'}",[],2025-06-18 01:02:52
https://api.weather.gov/stations/000PG/observations/2025-06-17T06:00:00+00:00,wx:ObservationStation,"{'unitCode': 'wmoUnit:m', 'value': 129.2}",https://api.weather.gov/stations/000PG,000PG,Southside Road,2025-06-17T06:00:00+00:00,,,,[],"{'unitCode': 'wmoUnit:degC', 'value': 12.69, 'qualityControl': 'V'}","{'unitCode': 'wmoUnit:degC', 'value': 8.42, 'qualityControl': 'V'}","{'unitCode': 'wmoUnit:degree_(angle)', 'value': 0, 'qualityControl': 'V'}","{'unitCode': 'wmoUnit:km_h-1', 'value': 0, 'qualityControl': 'V'}","{'unitCode': 'wmoUnit:km_h-1', 'value': None, 'qualityControl': 'Z'}","{'unitCode': 'wmoUnit:Pa', 'value': None, 'qualityControl': 'Z'}","{'unitCode': 'wmoUnit:Pa', 'value': None, 'qualityControl': 'Z'}","{'unitCode': 'wmoUnit:m', 'value': None, 'qualityControl': 'Z'}","{'unitCode': 'wmoUnit:degC', 'value': None}","{'unitCode': 'wmoUnit:degC', 'value': None}","{'unitCode': 'wmoUnit:mm', 'value': None, 'qualityControl': 'Z'}","{'unitCode': 'wmoUnit:percent', 'value': 75.243870474605, 'qualityControl': 'V'}","{'unitCode': 'wmoUnit:degC', 'value': None, 'qualityControl': 'V'}","{'unitCode': 'wmoUnit:degC', 'value': None, 'qualityControl': 'V'}",[],2025-06-18 01:02:52
https://api.weather.gov/stations/000PG/observations/2025-06-17T04:10:00+00:00,wx:ObservationStation,"{'unitCode': 'wmoUnit:m', 'value': 129.2}",https://api.weather.gov/stations/000PG,000PG,Southside Road,2025-06-17T04:10:00+00:00,,,,[],"{'unitCode': 'wmoUnit:degC', 'value': 16.38, 'qualityControl': 'V'}","{'unitCode': 'wmoUnit:degC', 'value': 9.39, 'qualityControl': 'V'}","{'unitCode': 'wmoUnit:degree_(angle)', 'value': 262.3, 'qualityControl': 'V'}","{'unitCode': 'wmoUnit:km_h-1', 'value': 4.032, 'qualityControl': 'V'}","{'unitCode': 'wmoUnit:km_h-1', 'value': None, 'qualityControl': 'Z'}","{'unitCode': 'wmoUnit:Pa', 'value': None, 'qualityControl': 'Z'}","{'unitCode': 'wmoUnit:Pa', 'value': None, 'qualityControl': 'Z'}","{'unitCode': 'wmoUnit:m', 'value': None, 'qualityControl': 'Z'}","{'unitCode': 'wmoUnit:degC', 'value': None}","{'unitCode': 'wmoUnit:degC', 'value': None}","{'unitCode': 'wmoUnit:mm', 'value': None, 'qualityControl': 'Z'}","{'unitCode': 'wmoUnit:percent', 'value': 63.303144775034, 'qualityControl': 'V'}","{'unitCode': 'wmoUnit:degC', 'value': None, 'qualityControl': 'V'}","{'unitCode': 'wmoUnit:degC', 'value': None, 'qualityControl': 'V'}",[],2025-06-18 01:02:52
https://api.weather.gov/stations/000PG/observations/2025-06-17T03:50:00+00:00,wx:ObservationStation,"{'unitCode': 'wmoUnit:m', 'value': 129.2}",https://api.weather.gov/stations/000PG,000PG,Southside Road,2025-06-17T03:50:00+00:00,,,,[],"{'unitCode': 'wmoUnit:degC', 'value': 17.28, 'qualityControl': 'V'}","{'unitCode': 'wmoUnit:degC', 'value': 9.54, 'qualityControl': 'V'}","{'unitCode': 'wmoUnit:degree_(angle)', 'value': 232.7, 'qualityControl': 'V'}","{'unitCode': 'wmoUnit:km_h-1', 'value': 3.312, 'qualityControl': 'V'}","{'unitCode': 'wmoUnit:km_h-1', 'value': 7.416, 'qualityControl': 'S'}","{'unitCode': 'wmoUnit:Pa', 'value': None, 'qualityControl': 'Z'}","{'unitCode': 'wmoUnit:Pa', 'value': None, 'qualityControl': 'Z'}","{'unitCode': 'wmoUnit:m', 'value': None, 'qualityControl': 'Z'}","{'unitCode': 'wmoUnit:degC', 'value': None}","{'unitCode': 'wmoUnit:degC', 'value': None}","{'unitCode': 'wmoUnit:mm', 'value': None, 'qualityControl': 'Z'}","{'unitCode': 'wmoUnit:percent', 'value': 60.396157101344, 'qualityControl': 'V'}","{'unitCode': 'wmoUnit:degC', 'value': None, 'qualityControl': 'V'}","{'unitCode': 'wmoUnit:degC', 'value': None, 'qualityControl': 'V'}",[],2025-06-18 01:02:52
https://api.weather.gov/stations/000PG/observations/2025-06-17T03:40:00+00:00,wx:ObservationStation,"{'unitCode': 'wmoUnit:m', 'value': 129.2}",https://api.weather.gov/stations/000PG,000PG,Southside Road,2025-06-17T03:40:00+00:00,,,,[],"{'unitCode': 'wmoUnit:degC', 'value': 17.89, 'qualityControl': 'V'}","{'unitCode': 'wmoUnit:degC', 'value': 9.68, 'qualityControl': 'V'}","{'unitCode': 'wmoUnit:degree_(angle)', 'value': 245.8, 'qualityControl': 'V'}","{'unitCode': 'wmoUnit:km_h-1', 'value': 6.12, 'qualityControl': 'V'}","{'unitCode': 'wmoUnit:km_h-1', 'value': None, 'qualityControl': 'Z'}","{'unitCode': 'wmoUnit:Pa', 'value': None, 'qualityControl': 'Z'}","{'unitCode': 'wmoUnit:Pa', 'value': None, 'qualityControl': 'Z'}","{'unitCode': 'wmoUnit:m', 'value': None, 'qualityControl': 'Z'}","{'unitCode': 'wmoUnit:degC', 'value': None}","{'unitCode': 'wmoUnit:degC', 'value': None}","{'unitCode': 'wmoUnit:mm', 'value': None, 'qualityControl': 'Z'}","{'unitCode': 'wmoUnit:percent', 'value': 58.665509210102, 'qualityControl': 'V'}","{'unitCode': 'wmoUnit:degC', 'value': None, 'qualityControl': 'V'}","{'unitCode': 'wmoUnit:degC', 'value': None, 'qualityControl': 'V'}",[],2025-06-18 01:02:52
https://api.weather.gov/stations/000PG/observations/2025-06-17T03:20:00+00:00,wx:ObservationStation,"{'unitCode': 'wmoUnit:m', 'value': 129.2}",https://api.weather.gov/stations/000PG,000PG,Southside Road,2025-06-17T03:20:00+00:00,,,,[],"{'unitCode': 'wmoUnit:degC', 'value': 19.84, 'qualityControl': 'V'}","{'unitCode': 'wmoUnit:degC', 'value': 10.17, 'qualityControl': 'V'}","{'unitCode': 'wmoUnit:degree_(angle)', 'value': 291.9, 'qualityControl': 'V'}","{'unitCode': 'wmoUnit:km_h-1', 'value': 5.184, 'qualityControl': 'V'}","{'unitCode': 'wmoUnit:km_h-1', 'value': None, 'qualityControl': 'Z'}","{'unitCode': 'wmoUnit:Pa', 'value': None, 'qualityControl': 'Z'}","{'unitCode': 'wmoUnit:Pa', 'value': None, 'qualityControl': 'Z'}","{'unitCode': 'wmoUnit:m', 'value': None, 'qualityControl': 'Z'}","{'unitCode': 'wmoUnit:degC', 'value': None}","{'unitCode': 'wmoUnit:degC', 'value': None}","{'unitCode': 'wmoUnit:mm', 'value': None, 'qualityControl': 'Z'}","{'unitCode': 'wmoUnit:percent', 'value': 53.671231246335, 'qualityControl': 'V'}","{'unitCode': 'wmoUnit:degC', 'value': None, 'qualityControl': 'V'}","{'unitCode': 'wmoUnit:degC', 'value': None, 'qualityControl': 'V'}",[],2025-06-18 01:02:52
https://api.weather.gov/stations/000PG/observations/2025-06-17T02:50:00+00:00,wx:ObservationStation,"{'unitCode': 'wmoUnit:m', 'value': 129.2}",https://api.weather.gov/stations/000PG,000PG,Southside Road,2025-06-17T02:50:00+00:00,,,,[],"{'unitCode': 'wmoUnit:degC', 'value': 21.15, 'qualityControl': 'V'}","{'unitCode': 'wmoUnit:degC', 'value': 10.64, 'qualityControl': 'V'}","{'unitCode': 'wmoUnit:degree_(angle)', 'value': 314.5, 'qualityControl': 'V'}","{'unitCode': 'wmoUnit:km_h-1', 'value': 4.608, 'qualityControl': 'V'}","{'unitCode': 'wmoUnit:km_h-1', 'value': 9.504, 'qualityControl': 'S'}","{'unitCode': 'wmoUnit:Pa', 'value': None, 'qualityControl': 'Z'}","{'unitCode': 'wmoUnit:Pa', 'value': None, 'qualityControl': 'Z'}","{'unitCode': 'wmoUnit:m', 'value': None, 'qualityControl': 'Z'}","{'unitCode': 'wmoUnit:degC', 'value': None}","{'unitCode': 'wmoUnit:degC', 'value': None}","{'unitCode': 'wmoUnit:mm', 'value': None, 'qualityControl': 'Z'}","{'unitCode': 'wmoUnit:percent', 'value': 51.081440876596, 'qualityControl': 'V'}","{'unitCode': 'wmoUnit:degC', 'value': None, 'qualityControl': 'V'}","{'unitCode': 'wmoUnit:degC', 'value': 20.654348734, 'qualityControl': 'V'}",[],2025-06-18 01:02:52
https://api.weather.gov/stations/000PG/observations/2025-06-17T02:20:00+00:00,wx:ObservationStation,"{'unitCode': 'wmoUnit:m', 'value': 129.2}",https://api.weather.gov/stations/000PG,000PG,Southside Road,2025-06-17T02:20:00+00:00,,,,[],"{'unitCode': 'wmoUnit:degC', 'value': 22.46, 'qualityControl': 'V'}","{'unitCode': 'wmoUnit:degC', 'value': 11.1, 'qualityControl': 'V'}","{'unitCode': 'wmoUnit:degree_(angle)', 'value': 318.7, 'qualityControl': 'V'}","{'unitCode': 'wmoUnit:km_h-1', 'value': 3.78, 'qualityControl': 'V'}","{'unitCode': 'wmoUnit:km_h-1', 'value': None, 'qualityControl': 'Z'}","{'unitCode': 'wmoUnit:Pa', 'value': None, 'qualityControl': 'Z'}","{'unitCode': 'wmoUnit:Pa', 'value': None, 'qualityControl': 'Z'}","{'unitCode': 'wmoUnit:m', 'value': None, 'qualityControl': 'Z'}","{'unitCode': 'wmoUnit:degC', 'value': None}","{'unitCode': 'wmoUnit:degC', 'value': None}","{'unitCode': 'wmoUnit:mm', 'value': None, 'qualityControl': 'Z'}","{'unitCode': 'wmoUnit:percent', 'value': 48.617500710848, 'qualityControl': 'V'}","{'unitCode': 'wmoUnit:degC', 'value': None, 'qualityControl': 'V'}","{'unitCode': 'wmoUnit:degC', 'value': 22.031012518561113, 'qualityControl': 'V'}",[],2025-06-18 01:02:52
https://api.weather.gov/stations/000PG/observations/2025-06-17T01:50:00+00:00,wx:ObservationStation,"{'unitCode': 'wmoUnit:m', 'value': 129.2}",https://api.weather.gov/stations/000PG,000PG,Southside Road,2025-06-17T01:50:00+00:00,,,,[],"{'unitCode': 'wmoUnit:degC', 'value': 23.4, 'qualityControl': 'V'}","{'unitCode': 'wmoUnit:degC', 'value': 11.22, 'qualityControl': 'V'}","{'unitCode': 'wmoUnit:degree_(angle)', 'value': 291.7, 'qualityControl': 'V'}","{'unitCode': 'wmoUnit:km_h-1', 'value': 7.2, 'qualityControl': 'V'}","{'unitCode': 'wmoUnit:km_h-1', 'value': 13.428, 'qualityControl': 'S'}","{'unitCode': 'wmoUnit:Pa', 'value': None, 'qualityControl': 'Z'}","{'unitCode': 'wmoUnit:Pa', 'value': None, 'qualityControl': 'Z'}","{'unitCode': 'wmoUnit:m', 'value': None, 'qualityControl': 'Z'}","{'unitCode': 'wmoUnit:degC', 'value': None}","{'unitCode': 'wmoUnit:degC', 'value': None}","{'unitCode': 'wmoUnit:mm', 'value': None, 'qualityControl': 'Z'}","{'unitCode': 'wmoUnit:percent', 'value': 46.29424861088, 'qualityControl': 'V'}","{'unitCode': 'wmoUnit:degC', 'value': None, 'qualityControl': 'V'}","{'unitCode': 'wmoUnit:degC', 'value': 23.004349824839444, 'qualityControl': 'V'}",[],2025-06-18 01:02:52
https://api.weather.gov/stations/000PG/observations/2025-06-17T01:00:00+00:00,wx:ObservationStation,"{'unitCode': 'wmoUnit:m', 'value': 129.2}",https://api.weather.gov/stations/000PG,000PG,Southside Road,2025-06-17T01:00:00+00:00,,,,[],"{'unitCode': 'wmoUnit:degC', 'value': None, 'qualityControl': 'Z'}","{'unitCode': 'wmoUnit:degC', 'value': None, 'qualityControl': 'Z'}","{'unitCode': 'wmoUnit:degree_(angle)', 'value': None, 'qualityControl': 'Z'}","{'unitCode': 'wmoUnit:km_h-1', 'value': None, 'qualityControl': 'Z'}","{'unitCode': 'wmoUnit:km_h-1', 'value': None, 'qualityControl': 'Z'}","{'unitCode': 'wmoUnit:Pa', 'value': None, 'qualityControl': 'Z'}","{'unitCode': 'wmoUnit:Pa', 'value': None, 'qualityControl': 'Z'}","{'unitCode': 'wmoUnit:m', 'value': None, 'qualityControl': 'Z'}","{'unitCode': 'wmoUnit:degC', 'value': None}","{'unitCode': 'wmoUnit:degC', 'value': None}","{'unitCode': 'wmoUnit:mm', 'value': None, 'qualityControl': 'Z'}","{'unitCode': 'wmoUnit:percent', 'value': None, 'qualityControl': 'Z'}","{'unitCode': 'wmoUnit:degC', 'value': None, 'qualityControl': 'Z'}","{'unitCode': 'wmoUnit:degC', 'value': None, 'qualityControl': 'Z'}",[],2025-06-18 01:02:52
https://api.weather.gov/stations/000PG/observations/2025-06-17T00:20:00+00:00,wx:ObservationStation,"{'unitCode': 'wmoUnit:m', 'value': 129.2}",https://api.weather.gov/stations/000PG,000PG,Southside Road,2025-06-17T00:20:00+00:00,,,,[],"{'unitCode': 'wmoUnit:degC', 'value': 26.28, 'qualityControl': 'V'}","{'unitCode': 'wmoUnit:degC', 'value': 9.9, 'qualityControl': 'V'}","{'unitCode': 'wmoUnit:degree_(angle)', 'value': 315.3, 'qualityControl': 'V'}","{'unitCode': 'wmoUnit:km_h-1', 'value': 8.244, 'qualityControl': 'V'}","{'unitCode': 'wmoUnit:km_h-1', 'value': None, 'qualityControl': 'Z'}","{'unitCode': 'wmoUnit:Pa', 'value': None, 'qualityControl': 'Z'}","{'unitCode': 'wmoUnit:Pa', 'value': None, 'qualityControl': 'Z'}","{'unitCode': 'wmoUnit:m', 'value': None, 'qualityControl': 'Z'}","{'unitCode': 'wmoUnit:degC', 'value': None}","{'unitCode': 'wmoUnit:degC', 'value': None}","{'unitCode': 'wmoUnit:mm', 'value': None, 'qualityControl': 'Z'}","{'unitCode': 'wmoUnit:percent', 'value': 35.700913245393, 'qualityControl': 'V'}","{'unitCode': 'wmoUnit:degC', 'value': None, 'qualityControl': 'V'}","{'unitCode': 'wmoUnit:degC', 'value': 25.89574606807389, 'qualityControl': 'V'}",[],2025-06-18 01:02:52
https://api.weather.gov/stations/000PG/observations/2025-06-17T00:00:00+00:00,wx:ObservationStation,"{'unitCode': 'wmoUnit:m', 'value': 129.2}",https://api.weather.gov/stations/000PG,000PG,Southside Road,2025-06-17T00:00:00+00:00,,,,[],"{'unitCode': 'wmoUnit:degC', 'value': None, 'qualityControl': 'Z'}","{'unitCode': 'wmoUnit:degC', 'value': None, 'qualityControl': 'Z'}","{'unitCode': 'wmoUnit:degree_(angle)', 'value': None, 'qualityControl': 'Z'}","{'unitCode': 'wmoUnit:km_h-1', 'value': None, 'qualityControl': 'Z'}","{'unitCode': 'wmoUnit:km_h-1', 'value': None, 'qualityControl': 'Z'}","{'unitCode': 'wmoUnit:Pa', 'value': None, 'qualityControl': 'Z'}","{'unitCode': 'wmoUnit:Pa', 'value': None, 'qualityControl': 'Z'}","{'unitCode': 'wmoUnit:m', 'value': None, 'qualityControl': 'Z'}","{'unitCode': 'wmoUnit:degC', 'value': None}","{'unitCode': 'wmoUnit:degC', 'value': None}","{'unitCode': 'wmoUnit:mm', 'value': None, 'qualityControl': 'Z'}","{'unitCode': 'wmoUnit:percent', 'value': None, 'qualityControl': 'Z'}","{'unitCode': 'wmoUnit:degC', 'value': None, 'qualityControl': 'Z'}","{'unitCode': 'wmoUnit:degC', 'value': None, 'qualityControl': 'Z'}",[],2025-06-18 01:02:52
